Ticket ID,Created At,Ticket Type,Ticket Channel,Ticket Priority,Ticket Status
1,2026-09-21,Technical issue,Phone,Low,Closed
2,2026-09-04,Refund request,Social media,Low,Closed
3,2026-09-01,Technical issue,Email,Medium,Open
4,2026-09-23,Refund request,Chat,Low,Open
5,2026-09-26,Product inquiry,Phone,Low,Closed
6,2026-09-09,Technical issue,Social media,Medium,Closed
7,2026-09-04,Billing inquiry,Email,Low,Closed
8,2026-09-15,Billing inquiry,Social media,Medium,Open
9,2026-09-27,Refund request,Social media,Medium,Closed
10,2026-09-03,Technical issue,Email,Low,Closed
11,not a date,Product inquiry,Chat,Medium,Pending Customer Response
12,2026-09-06,Billing inquiry,Email,Low,Pending Customer Response
13,2026-09-21,Technical issue,Chat,Medium,Closed
14,2026-09-15,Billing inquiry,Social media,Medium,Open
15,2026-09-22,Billing inquiry,Phone,Low,Pending Customer Response
16,2026-09-26,Billing inquiry,Email,Low,Pending Customer Response
17,2026-09-29,Refund request,Email,Medium,Pending Customer Response
18,2026-09-21,Billing inquiry,Email,Low,Open
19,2026-09-09,Product inquiry,Chat,Medium,Closed
20,2026-09-05,Billing inquiry,Email,Low,Closed
21,2026-09-21,Technical issue,Phone,Medium,Closed
22,2026-09-20,Cancellation request,Chat,Critical,Pending Customer Response
23,2026-09-01,Refund request,Email,High,Pending Customer Response
24,2026-09-25,Refund request,Email,Medium,Open
25,2026-09-24,Product inquiry,Email,Medium,Closed
26,2026-09-30,Technical issue,Chat,High,Open
27,2026-09-07,Technical issue,Phone,Medium,Pending Customer Response
28,2026-09-17,Cancellation request,Chat,Medium,Closed
29,2026-09-12,Product inquiry,Phone,Medium,Closed
30,2026-09-29,Refund request,Email,High,Pending Customer Response
31,2026-09-25,Billing inquiry,Email,High,Pending Customer Response
32,2026-09-06,Technical issue,Social media,Medium,Closed
33,2026-09-18,Product inquiry,Phone,High,Closed
34,2026-09-22,Refund request,Chat,Medium,Closed
35,2026-09-08,Technical issue,Email,Medium,Open
36,2026-09-01,Technical issue,Chat,Low,Pending Customer Response
37,2026-09-28,Billing inquiry,Chat,Low,Open
38,2026-09-18,Technical issue,Social media,Medium,Open
39,2026-09-26,Billing inquiry,Chat,Low,Open
40,2026-09-12,Billing inquiry,Chat,High,Open
41,2026-09-21,Technical issue,Chat,Medium,Pending Customer Response
42,2026-09-08,Technical issue,Chat,Low,Closed
43,2026-09-15,Technical issue,Social media,Medium,Pending Customer Response
44,2026-09-18,Technical issue,Phone,Medium,Closed
45,2026-09-03,Cancellation request,Phone,Low,Open
46,2026-09-07,Product inquiry,Social media,Low,Closed
47,2026-09-13,Technical issue,Phone,Medium,Closed
48,2026-02-30,Cancellation request,Chat,High,Closed
49,2026-09-10,Technical issue,Email,High,Closed
50,2026-09-11,Technical issue,Chat,Medium,Pending Customer Response
51,2026-09-06,Technical issue,Chat,High,Closed
52,2026-09-03,Refund request,Email,Low,Pending Customer Response
53,2026-09-08,Refund request,Email,Low,Open
54,2026-09-19,Billing inquiry,Social media,Low,Open
55,2026-09-08,Technical issue,Email,Medium,Open
56,2026-09-30,Product inquiry,Email,Medium,Pending Customer Response
57,2026-09-04,Technical issue,Email,Low,Pending Customer Response
58,2026-09-29,Technical issue,Email,Low,Closed
59,2026-09-18,Refund request,Chat,Critical,Open
60,2026-09-01,Refund request,Chat,Critical,Closed
61,2026-09-29,Technical issue,Email,Low,Open
62,2026-09-09,Technical issue,Email,Medium,Open
63,2026-09-28,Technical issue,Chat,Critical,Pending Customer Response
64,2026-09-03,Refund request,Phone,Low,Closed
65,2026-09-05,Refund request,Email,High,Open
66,2026-09-14,Refund request,Email,Critical,Open
67,2026-09-05,Refund request,Phone,Medium,Closed
68,2026-09-05,Technical issue,Chat,Critical,Pending Customer Response
69,2026-09-02,Cancellation request,Email,Low,Closed
70,2026-09-25,Refund request,Social media,Critical,Open
71,2026-09-30,Cancellation request,Social media,Critical,Pending Customer Response
72,2026-09-29,Billing inquiry,Email,Critical,Pending Customer Response
73,2026-09-14,Product inquiry,Social media,High,Closed
74,2026-09-26,Refund request,Chat,Low,Open
75,2026-09-07,Product inquiry,Chat,Medium,Pending Customer Response
76,2026-09-08,Technical issue,Phone,Medium,Closed
77,2026-09-03,Cancellation request,Email,Medium,Closed
78,2026-09-27,Billing inquiry,Social media,Low,Pending Customer Response
79,2026-09-06,Refund request,Social media,Low,Open
80,2026-09-12,Product inquiry,Email,Medium,Open
81,2026-09-13,Cancellation request,Email,Low,Closed
82,2026-09-17,Cancellation request,Chat,High,Open
83,2026-09-22,Technical issue,Chat,Critical,Pending Customer Response
84,2026-09-20,Billing inquiry,Phone,High,Closed
85,,Refund request,Email,High,Open
86,2026-09-07,Billing inquiry,Social media,High,Pending Customer Response
87,2026-09-20,Refund request,Chat,High,Closed
88,2026-09-07,Billing inquiry,Chat,High,Open
89,2026-09-15,Refund request,Chat,High,Pending Customer Response
90,2026-09-24,Technical issue,Email,Medium,Open
91,2026-09-11,Technical issue,Social media,Low,Closed
92,2026-09-26,Technical issue,Email,Low,Open
93,2026-09-28,Product inquiry,Chat,High,Open
94,2026-09-23,Refund request,Chat,Low,Open
95,2026-09-01,Cancellation request,Social media,High,Pending Customer Response
96,2026-09-08,Technical issue,Social media,Medium,Closed
97,2026-09-08,Cancellation request,Email,Low,Open
98,2026-09-17,Cancellation request,Chat,Critical,Pending Customer Response
99,2026-09-20,Product inquiry,Social media,Medium,Pending Customer Response
100,2026-09-15,Cancellation request,Phone,Medium,Closed
101,2026-09-08,Product inquiry,Email,High,Open
102,2026-09-08,Technical issue,Email,Low,Closed
103,2026-09-11,Cancellation request,Email,Low,Closed
104,2026-09-05,Refund request,Email,Medium,Open
105,2026-09-14,Technical issue,Phone,Medium,Pending Customer Response
106,2026-09-23,Technical issue,Social media,Medium,Open
107,2026-09-12,Technical issue,Chat,High,Pending Customer Response
108,2026-09-18,Product inquiry,Chat,Medium,Closed
109,2026-09-08,Technical issue,Chat,Medium,Open
110,2026-09-26,Billing inquiry,Email,Medium,Closed
111,2026-09-20,Billing inquiry,Social media,Medium,Open
112,2026-09-03,Refund request,Email,Medium,Closed
113,2026-09-13,Billing inquiry,Chat,Medium,Pending Customer Response
114,2026-09-09,Product inquiry,Phone,Low,Closed
115,2026-09-01,Product inquiry,Email,Critical,Closed
116,2026-09-03,Product inquiry,Phone,High,Pending Customer Response
117,2026-09-07,Product inquiry,Chat,Low,Open
118,2026-09-04,Refund request,Email,High,Pending Customer Response
119,2026-09-06,Refund request,Social media,High,Pending Customer Response
120,2026-09-06,Cancellation request,Email,Low,Closed
121,2026-09-22,Cancellation request,Chat,Critical,Closed
122,2026-09-19,Refund request,Chat,Low,Pending Customer Response
123,2026-09-28,Refund request,Phone,High,Open
124,2026-09-02,Billing inquiry,Chat,Medium,Open
125,2026-09-11,Technical issue,Chat,Medium,Closed
126,2026-09-12,Refund request,Phone,High,Closed
127,2026-09-24,Billing inquiry,Phone,Medium,Pending Customer Response
128,2026-09-25,Billing inquiry,Chat,High,Closed
129,2026-09-28,Technical issue,Social media,Low,Open
130,2026-09-25,Billing inquiry,Chat,Medium,Closed
131,2026-09-28,Billing inquiry,Chat,Medium,Closed
132,2026-09-09,Cancellation request,Phone,Low,Closed
133,2026-09-07,Technical issue,Phone,Medium,Pending Customer Response
134,2026-09-23,Billing inquiry,Phone,Medium,Closed
135,2026-09-10,Technical issue,Phone,Medium,Open
136,2026-09-16,Refund request,Email,Critical,Open
137,2026-09-12,Refund request,Email,Low,Closed
138,2026-09-07,Billing inquiry,Phone,Critical,Open
139,2026-09-07,Technical issue,Chat,High,Pending Customer Response
140,2026-09-17,Refund request,Social media,High,Closed
141,2026-09-12,Technical issue,Email,Medium,Closed
142,2026-09-02,Refund request,Phone,Low,Pending Customer Response
143,2026-09-16,Technical issue,Email,Low,Open
144,2026-09-11,Technical issue,Email,Critical,Open
145,2026-09-27,Technical issue,Chat,Medium,Open
146,2026-09-05,Technical issue,Chat,Medium,Pending Customer Response
147,2026-09-04,Refund request,Chat,Medium,Open
148,2026-09-25,Billing inquiry,Chat,Medium,Pending Customer Response
149,2026-09-14,Billing inquiry,Chat,Medium,Open
150,2026-09-25,Technical issue,Email,High,Closed
